row_id,sentence1,sentence2,kg1,kg2
0,A plane is taking off.,An air plane is taking off.,"[['plane', 'is_type_of', 'aircraft'], ['aircraft', 'is_type_of', 'vehicle'], ['aircraft', 'is_type_of', 'plane'], ['plane', 'is_involved_in', 'taking_off'], ['taking_off', 'is_type_of', 'event']]","[['air plane', 'is_type_of', 'aircraft'], ['aircraft', 'is_type_of', 'vehicle'], ['aircraft', 'is_type_of', 'plane'], ['air plane', 'is_involved_in', 'taking_off'], ['taking_off', 'is_type_of', 'event']]"
1,A man is playing a large flute.,A man is playing a flute.,"[['a_man', 'plays', 'large_flute']]","[['a_man', 'plays', 'flute']]"
2,A man is spreading shreded cheese on a pizza.,A man is spreading shredded cheese on an uncooked pizza.,"[['a_man', 'is_performing', 'spreading_cheese'], ['spreading_cheese', 'on', 'pizza'], ['pizza', 'is_a', 'food']]","[['a_man', 'is_performing', 'spreading_cheese'], ['spreading_cheese', 'on', 'uncooked_pizza'], ['uncooked_pizza', 'is_a', 'food']]"
3,Three men are playing chess.,Two men are playing chess.,"[['Three men', 'are playing', 'chess']]","[['Two men', 'are playing', 'chess']]"
4,A man is playing the cello.,A man seated is playing the cello.,"[['a_man', 'plays', 'cello']]","[['a_man', 'is_seated', 'true'], ['a_man', 'plays', 'cello']]"
5,Some men are fighting.,Two men are fighting.,"[['some men', 'are involved in', 'fighting'], ['fighting', 'involves', 'men']]","[['two men', 'are involved in', 'fighting'], ['fighting', 'involves', 'men'], ['men', 'are involved in', 'fighting']]"
6,A man is smoking.,A man is skating.,"[['a_man', 'is_performing', 'smoking']]","[['a_man', 'is_performing', 'skating']]"
7,The man is playing the piano.,The man is playing the guitar.,"[['man', 'plays', 'piano']]","[['man', 'plays', 'guitar']]"
8,A man is playing on a guitar and singing.,A woman is playing an acoustic guitar and singing.,"[['man', 'plays', 'guitar'], ['guitar', 'is_a', 'musical_instrument']]","[['woman', 'plays', 'acoustic_guitar'], ['acoustic_guitar', 'is_a', 'musical_instrument']]"
9,A person is throwing a cat on to the ceiling.,A person throws a cat on the ceiling.,[],[]
10,The man hit the other man with a stick.,The man spanked the other man with a stick.,"[['man_1', 'hit', 'man_2'], ['man_1', 'used_tool', 'stick']]","[['man_1', 'spanked', 'man_2'], ['man_1', 'used_tool', 'stick']]"
11,A woman picks up and holds a baby kangaroo.,A woman picks up and holds a baby kangaroo in her arms.,"[['woman', 'picks_up', 'baby_kangaroo']]","[['woman', 'picks_up', 'baby_kangaroo'], ['baby_kangaroo', 'is_held_by', 'woman']]"
12,A man is playing a flute.,A man is playing a bamboo flute.,"[['a_man', 'plays', 'flute']]","[['a_man', 'plays', 'bamboo_flute']]"
13,A person is folding a piece of paper.,Someone is folding a piece of paper.,"[['person', 'is_performing', 'folding'], ['person', 'is', 'someone'], ['piece_of_paper', 'is_being_folded_by', 'person'], ['piece_of_paper', 'is_a', 'paper']]","[['someone', 'is_performing', 'folding'], ['someone', 'is', 'person'], ['piece_of_paper', 'is_being_folded_by', 'someone'], ['piece_of_paper', 'is_a', 'paper']]"
14,A man is running on the road.,A panda dog is running on the road.,"[['a_man', 'is_running_on', 'road']]","[['a_panda_dog', 'is_running_on', 'road']]"
15,A dog is trying to get bacon off his back.,A dog is trying to eat the bacon on its back.,"[['dog', 'is_trying_to_get', 'bacon'], ['bacon', 'located_on', ""dog's_back""]]","[['dog', 'is_trying_to_eat', 'bacon'], ['bacon', 'located_on', ""dog's_back""]]"
16,The polar bear is sliding on the snow.,A polar bear is sliding across the snow.,"[['polar bear', 'is_sliding_on', 'snow']]","[['polar bear', 'is_sliding_across', 'snow']]"
17,A woman is writing.,A woman is swimming.,"[['woman', 'is_engaged_in', 'writing']]","[['woman', 'is_engaged_in', 'swimming']]"
18,A cat is rubbing against baby's face.,A cat is rubbing against a baby.,"[['cat', 'is_performing', 'rubbing_action'], ['rubbing_action', 'description', ""rubbing against baby's face""], ['baby', 'is_receiving', 'rubbing_action'], ['cat', 'entity_type', 'animal'], ['baby', 'entity_type', 'human']]","[['cat', 'is_performing', 'rubbing_action'], ['rubbing_action', 'description', 'rubbing against baby'], ['baby', 'is_receiving', 'rubbing_action'], ['cat', 'entity_type', 'animal'], ['baby', 'entity_type', 'human']]"
19,The man is riding a horse.,A man is riding on a horse.,"[['man', 'is riding on', 'horse']]","[['man', 'is riding on', 'horse']]"
20,A man pours oil into a pot.,A man pours wine in a pot.,"[['A man', 'pours', 'oil'], ['oil', 'used_for', 'cooking']]","[['A man', 'pours', 'wine'], ['wine', 'used_for', 'drinking']]"
21,A man is playing a guitar.,A girl is playing a guitar.,"[['man', 'plays', 'guitar']]","[['girl', 'plays', 'guitar']]"
22,A panda is sliding down a slide.,A panda slides down a slide.,"[['panda', 'slides_down', 'slide']]","[['panda', 'slides', 'slide']]"
23,A woman is eating something.,A woman is eating meat.,"[['woman', 'is_eating', 'food']]","[['woman', 'is_eating', 'meat']]"
24,A woman peels a potato.,A woman is peeling a potato.,"[['A woman', 'performs_action', 'peels_potato'], ['peels_potato', 'is_action_performed_on', 'potato']]","[['A woman', 'performs_action', 'peels_potato'], ['peels_potato', 'is_action_performed_on', 'potato']]"
25,The boy fell off his bike.,A boy falls off his bike.,"[['boy', 'fell_off', 'bike']]","[['boy', 'falls_off', 'bike']]"
26,The woman is playing the flute.,A woman is playing a flute.,"[['woman', 'plays', 'flute']]","[['woman', 'plays', 'flute']]"
27,A rabbit is running from an eagle.,A hare is running from a eagle.,"[['rabbit', 'is_running_from', 'eagle']]","[['hare', 'is_running_from', 'eagle']]"
28,The woman is frying a breaded pork chop.,A woman is cooking a breaded pork chop.,"[['woman', 'is_cooking', 'breaded pork chop']]","[['woman', 'is_cooking', 'breaded pork chop']]"
29,A girl is flying a kite.,A girl running is flying a kite.,"[['girl', 'is_flying', 'kite']]","[['girl', 'is_flying', 'kite']]"
30,A man is riding a mechanical bull.,A man rode a mechanical bull.,"[['a_man', 'rode', 'mechanical_bull']]","[['a_man', 'rode', 'mechanical_bull']]"
31,The man is playing the guitar.,A man is playing a guitar.,"[['man', 'plays', 'guitar']]","[['man', 'plays', 'guitar']]"
32,A woman is dancing and singing with other women.,A woman is dancing and singing in the rain.,"[['woman', 'performs', 'dancing'], ['woman', 'performs', 'singing'], ['woman', 'performs_with', ""['other_women']""], ['dancing', 'type', 'folk_dance'], ['singing', 'type', 'song']]","[['woman', 'performs', 'dancing'], ['woman', 'performs', 'singing'], ['woman', 'performs_in', ""['rain']""], ['rain', 'type', 'precipitation']]"
33,A man is slicing a bun.,A man is slicing an onion.,"[['a_man', 'is_performing', 'slicing'], ['slicing', 'of', 'bun'], ['bun', 'is_a', 'food_item']]","[['a_man', 'is_performing', 'slicing'], ['slicing', 'of', 'onion'], ['onion', 'is_a', 'vegetable']]"
34,A man is pouring oil into a pan.,A man is pouring oil into a skillet.,"[['a_man', 'pours', 'oil'], ['oil', 'is_used_for', 'cooking'], ['oil', 'is_a', 'liquid']]","[['a_man', 'pours', 'oil'], ['oil', 'is_used_for', 'cooking'], ['oil', 'is_a', 'liquid']]"
35,A lion is playing with people.,A lion is playing with two men.,"[['Lion', 'plays_with', 'People']]","[['Lion', 'plays_with', 'Man_1'], ['Lion', 'plays_with', 'Man_2']]"
36,A dog rides a skateboard.,A dog is riding a skateboard.,"[['dog', 'rides', 'skateboard']]","[['dog', 'is riding', 'skateboard']]"
37,Someone is carving a statue.,A man is carving a statue.,"[['Someone', 'is_carving', 'statue']]","[['A_man', 'is_carving', 'statue']]"
38,A woman is slicing an onion.,A man is cutting an onion.,"[['woman', 'is_performing', 'slicing'], ['woman', 'is_performing_action_on', 'onion']]","[['man', 'is_performing', 'cutting'], ['man', 'is_performing_action_on', 'onion']]"
39,A woman peels shrimp.,A woman is peeling shrimp.,"[['woman', 'performs_action', 'peels_shrimp'], ['peels_shrimp', 'is_action_performed_on', 'shrimp']]","[['woman', 'performs_action', 'peels_shrimp'], ['peels_shrimp', 'is_action_performed_on', 'shrimp']]"
40,A woman is frying fish.,A woman is cooking fish.,"[['woman', 'is_cooking', 'fish']]","[['woman', 'is_cooking', 'fish']]"
41,A woman is playing an electric guitar.,A woman is playing a guitar.,"[['woman', 'plays', 'electric guitar']]","[['woman', 'plays', 'guitar']]"
42,A baby tiger is playing with a ball.,A baby is playing with a doll.,"[['baby tiger', 'is_playing_with', 'ball']]","[['baby', 'is_playing_with', 'doll']]"
43,A person is slicing a tomato.,A person is slicing some meat.,"[['person', 'is_performing', 'slicing'], ['person', 'is_performing', 'tomato_slicing'], ['tomato_slicing', 'is_type_of', 'food_preparation'], ['tomato', 'is_type_of', 'fruit']]","[['person', 'is_performing', 'slicing'], ['person', 'is_performing', 'meat_slicing'], ['meat_slicing', 'is_type_of', 'food_preparation'], ['meat', 'is_type_of', 'animal_product']]"
44,A person cuts an onion.,A person is cutting an onion.,"[['a_person', 'performs_action', 'cuts_onion'], ['onion', 'is_type_of', 'food'], ['onion', 'is_type_of', 'vegetable']]","[['a_person', 'performs_action', 'is_cutting_onion'], ['onion', 'is_type_of', 'food'], ['onion', 'is_type_of', 'vegetable']]"
45,A man is playing the piano.,A woman is playing the violin.,"[['man', 'plays', 'piano']]","[['woman', 'plays', 'violin']]"
46,A woman is playing the flute.,A man is playing the guitar.,"[['woman', 'plays', 'flute']]","[['man', 'plays', 'guitar']]"
47,A man is cutting up a potato.,A man is cutting up carrots.,"[['a_man', 'is_performing', 'potato_cutting'], ['potato_cutting', 'involves', 'potato']]","[['a_man', 'is_performing', 'carrot_cutting'], ['carrot_cutting', 'involves', 'carrots']]"
48,A kid is playing guitar.,A boy is playing a guitar.,"[['A kid', 'plays', 'guitar']]","[['A boy', 'plays', 'guitar']]"
49,A boy is playing guitar.,A man is playing a guitar.,"[['boy', 'plays', 'guitar'], ['boy', 'is_a', 'person'], ['guitar', 'is_a', 'musical_instrument']]","[['man', 'plays', 'guitar'], ['man', 'is_a', 'person'], ['guitar', 'is_a', 'musical_instrument']]"
50,A man is playing guitar.,A boy is playing a guitar.,"[['man', 'plays', 'guitar'], ['man', 'is_a', 'person']]","[['boy', 'plays', 'guitar'], ['boy', 'is_a', 'person']]"
51,A little boy is playing a keyboard.,A boy is playing key board.,"[['a little boy', 'is playing', 'keyboard']]","[['a boy', 'is playing', 'key board']]"
52,A man is playing a guitar.,A man is playing an electric guitar.,"[['a_man', 'plays', 'guitar']]","[['a_man', 'plays', 'electric_guitar']]"
53,A dog licks a baby.,A dog is licking a baby.,"[['dog', 'performs_action', 'licking'], ['dog', 'entity_type', 'animal'], ['baby', 'entity_type', 'human'], ['baby', 'age', 'infant']]","[['dog', 'performs_action', 'licking'], ['dog', 'entity_type', 'animal'], ['baby', 'entity_type', 'human'], ['baby', 'age', 'infant'], ['dog', 'is_acting_on', 'baby']]"
54,A woman is slicing an onion.,A man is cutting and onion.,"[['woman', 'is_performing', 'slicing'], ['woman', 'is_performing', 'onion_cutting'], ['onion', 'is_being_cut_by', 'woman'], ['onion', 'is_a', 'vegetable']]","[['man', 'is_performing', 'cutting'], ['man', 'is_performing', 'onion_cutting'], ['onion', 'is_being_cut_by', 'man'], ['onion', 'is_a', 'vegetable']]"
55,A man is playing the guitar.,A man is playing the drums.,"[['a_man', 'plays_musical_instrument', 'guitar']]","[['a_man', 'plays_musical_instrument', 'drums']]"
56,A woman is slicing a pepper.,A woman is cutting a red pepper.,"[['woman', 'is_performing', 'pepper_slicing'], ['pepper_slicing', 'is_action_of', 'woman'], ['pepper_slicing', 'is_type_of', 'pepper_preparation'], ['pepper', 'is_type_of', 'bell_pepper'], ['pepper', 'is_type_of', 'fruit'], ['pepper', 'is_type_of', 'vegetable']]","[['woman', 'is_performing', 'pepper_cutting'], ['pepper_cutting', 'is_action_of', 'woman'], ['pepper_cutting', 'is_type_of', 'pepper_preparation'], ['red_pepper', 'is_type_of', 'bell_pepper'], ['red_pepper', 'is_type_of', 'fruit'], ['red_pepper', 'is_type_of', 'vegetable']]"
57,A man is playing the drums.,A man plays the drum.,"[['a_man', 'plays', 'drums']]","[['a_man', 'plays', 'drum']]"
58,A woman rides a horse.,A woman is riding a horse.,"[['woman', 'rides', 'horse']]","[['woman', 'is riding', 'horse']]"
59,A man is eating a banana by a tree.,A man is eating a banana.,"[['a_man', 'is_eating', 'banana'], ['banana', 'is_a', 'fruit'], ['banana', 'is_grown_on', 'tree'], ['tree', 'is_a', 'plant']]","[['a_man', 'is_eating', 'banana']]"
60,A cat is playing a key board.,A man is playing two keyboards.,"[['cat', 'plays', 'keyboard']]","[['man', 'plays', 'keyboard_1'], ['man', 'plays', 'keyboard_2']]"
61,A man chops down a tree with an axe.,A man cut a tree with an axe.,"[['a_man', 'chops_down', 'a_tree'], ['a_man', 'uses', 'an_axe'], ['a_tree', 'is_made_of', 'wood']]","[['a_man', 'cut', 'a_tree'], ['a_man', 'uses', 'an_axe']]"
62,A kid plays with a toy phone.,A little boy plays with a toy phone.,"[['a_kid', 'plays_with', 'toy_phone']]","[['a_little_boy', 'plays_with', 'toy_phone']]"
63,A man is riding a motorcycle.,A man is riding a horse.,"[['a_man', 'is_riding', 'motorcycle']]","[['a_man', 'is_riding', 'horse']]"
64,A man is riding a motorcycle.,A man is riding a horse.,"[['a_man', 'is_riding', 'motorcycle']]","[['a_man', 'is_riding', 'horse']]"
65,A squirrel is spinning around in circles.,A squirrel runs around in circles.,[],[]
66,A man and a woman are kissing.,A man and woman kiss.,"[['man', 'is involved in', 'kissing'], ['woman', 'is involved in', 'kissing'], ['man', 'is related to', 'kissing event'], ['woman', 'is related to', 'kissing event']]","[['man', 'is involved in', 'kissing'], ['woman', 'is involved in', 'kissing']]"
67,A man is getting into a car.,A man is getting into a car in a garage.,"[['a_man', 'is_getting_into', 'car']]","[['a_man', 'is_getting_into', 'car'], ['car', 'located_at', 'garage']]"
68,A man is dancing.,A man is talking.,"[['a_man', 'is_performing', 'dancing']]","[['a_man', 'is_performing', 'talking']]"
69,A man is playing the guitar and singing.,A man is playing the guitar.,"[['a_man', 'plays', 'guitar'], ['a_man', 'performs', 'singing'], ['singing', 'is_a', 'performance']]","[['a_man', 'plays', 'guitar']]"
70,A person is cutting mushrooms.,A person is cutting mushrooms with a knife.,"[['a_person', 'is_performing', 'cutting'], ['cutting', 'involves', 'mushrooms'], ['mushrooms', 'is_a', 'edible_fungi']]","[['a_person', 'is_performing', 'cutting'], ['cutting', 'requires_tool', 'knife'], ['mushrooms', 'is_a', 'edible_fungi']]"
71,A tiger cub is making a sound.,A tiger is walking around.,"[['tiger cub', 'makes_sound', 'tiger cub sound']]",[]
72,A person is slicing onions.,A person is peeling an onion.,"[['a_person', 'is_performing', 'slicing_onions'], ['onions', 'is_type_of', 'vegetable'], ['slicing_onions', 'is_type_of', 'food_preparation']]","[['a_person', 'is_performing', 'peeling_onion'], ['onions', 'is_type_of', 'vegetable'], ['peeling_onion', 'is_type_of', 'food_preparation']]"
73,A man is playing the piano.,A man is playing the trumpet.,"[['a_man', 'plays', 'piano']]","[['a_man', 'plays', 'trumpet']]"
74,A woman is peeling a potato.,A woman is peeling an apple.,"[['woman', 'performs_action', 'peels_potato'], ['potato', 'is_a', 'food'], ['potato', 'is_a', 'vegetable']]","[['woman', 'performs_action', 'peels_apple'], ['apple', 'is_a', 'fruit'], ['apple', 'is_a', 'fruit_type']]"
75,A pankda is eating bamboo.,A panda bear is eating some bamboo.,"[['panda', 'is eating', 'bamboo']]","[['panda bear', 'is eating', 'bamboo']]"
76,A person is peeling an onion.,A person is peeling an eggplant.,"[['a_person', 'is_performing', 'peeling'], ['peeling', 'of', 'onion'], ['onion', 'is_a', 'vegetable']]","[['a_person', 'is_performing', 'peeling'], ['peeling', 'of', 'eggplant'], ['eggplant', 'is_a', 'vegetable']]"
77,A monkey pushes another monkey.,The monkey pushed the other monkey.,"[['monkey_1', 'pushed', 'monkey_2']]","[['monkey_2', 'was_pushed_by', 'monkey_1']]"
78,A squirrel runs around in circles.,A squirrel is moving in circles.,"[['squirrel', 'runs_around', 'circles']]","[['squirrel', 'moves', 'circles']]"
79,A man is tying his shoe.,A man ties his shoe.,"[['a_man', 'is_tying', 'his_shoe']]","[['a_man', 'ties', 'his_shoe']]"
80,A boy is singing and playing the piano.,A boy is playing the piano.,"[['A boy', 'singing', 'true'], ['A boy', 'playing_instrument', 'piano']]","[['A boy', 'playing_instrument', 'piano']]"
81,A dog is eating water melon.,A dog is eating a piece of watermelon.,"[['dog', 'is_eating', 'watermelon'], ['watermelon', 'is_a', 'fruit']]","[['dog', 'is_eating', 'piece_of_watermelon'], ['piece_of_watermelon', 'is_a', 'watermelon']]"
82,A woman is chopping broccoli.,A woman is chopping broccoli with a knife.,"[['woman', 'chops', 'broccoli']]","[['woman', 'chops', 'broccoli'], ['woman', 'uses', 'knife']]"
83,A man is peeling a potato.,A man peeled a potatoe.,"[['a_man', 'peeled', 'potato']]","[['a_man', 'peeled', 'potatoe']]"
84,A woman is playing a guitar.,A man plays a guitar.,"[['woman', 'plays', 'guitar']]","[['man', 'plays', 'guitar']]"
85,A woman is slicing tomato.,A man is slicing onion.,"[['woman', 'performs_action', 'slicing_tomato'], ['tomato', 'is_type_of', 'fruit'], ['fruit', 'is_type_of', 'food']]","[['man', 'performs_action', 'slicing_onion'], ['onion', 'is_type_of', 'vegetable'], ['vegetable', 'is_type_of', 'food']]"
86,A man swims underwater.,A woman is swimming underwater.,"[['man', 'swims', 'underwater'], ['man', 'is_a', 'human'], ['human', 'can_perform', 'swimming'], ['swimming', 'occurs_in', 'water'], ['water', 'is_a', 'liquid']]","[['woman', 'swims', 'underwater'], ['woman', 'is_a', 'human'], ['human', 'can_perform', 'swimming'], ['swimming', 'occurs_in', 'water'], ['water', 'is_a', 'liquid']]"
87,A man and woman are talking.,A man and woman is eating.,"[['man', 'is_associated_with', 'talking'], ['woman', 'is_associated_with', 'talking'], ['man', 'is_associated_with', 'woman']]","[['man', 'is_associated_with', 'woman'], ['man', 'is_associated_with', 'eating'], ['woman', 'is_associated_with', 'eating']]"
88,A small dog is chasing a yoga ball.,A dog is chasing a ball.,"[['small dog', 'is_type_of', 'dog'], ['dog', 'is_playing_with', 'yoga_ball'], ['yoga_ball', 'is_type_of', 'ball']]","[['dog', 'is_playing_with', 'ball']]"
89,The men are playing cricket.,The men are playing basketball.,"[['men', 'play', 'cricket']]","[['men', 'play', 'basketball']]"
90,A man rides off on a motorcycle.,A man is riding on a motorcycle.,"[['a_man', 'rides_on', 'motorcycle']]","[['a_man', 'is_riding_on', 'motorcycle']]"
91,A man is playing a guitar.,A man is singing and playing a guitar.,"[['a_man', 'plays', 'guitar']]","[['a_man', 'plays', 'guitar']]"
92,The man talked on the telephone.,The man is talking on the phone.,"[['man', 'talked_on', 'telephone']]","[['man', 'talking_on', 'phone']]"
93,A man is fishing.,A man is exercising.,"[['a_man', 'is_engaged_in', 'fishing']]","[['a_man', 'is_engaged_in', 'exercising']]"
94,A man is levitating.,A man is talking.,"[['a_man', 'levitates', 'None']]","[['a_man', 'speaks', 'None']]"
95,Two boys are driving.,Two bays are dancing.,"[['Two boys', 'are', 'driving']]","[['Two bays', 'are', 'dancing']]"
96,A man is riding on a horse.,A girl is riding a horse.,"[['man', 'is riding on', 'horse'], ['man', 'is_a', 'person'], ['person', 'can_ride', 'horse'], ['horse', 'is_a', 'animal']]","[['girl', 'is riding on', 'horse'], ['girl', 'is_a', 'person'], ['person', 'can_ride', 'horse'], ['horse', 'is_a', 'animal']]"
97,A man is riding a bicycle.,A monkey is riding a bike.,"[['a_man', 'is_riding', 'bicycle']]","[['a_monkey', 'is_riding', 'bicycle']]"
98,A man is slicing potatoes.,A woman is peeling potato.,"[['a_man', 'is_performing', 'potato_slicing'], ['potato_slicing', 'action_performed_on', 'potatoes']]","[['a_woman', 'is_performing', 'potato_peeling'], ['potato_peeling', 'action_performed_on', 'potatoes']]"
99,A woman is peeling a potato.,A man is slicing potato.,"[['woman', 'performs_action', 'peels_potato'], ['potato', 'is_type_of', 'food'], ['potato', 'is_type_of', 'vegetable']]","[['man', 'performs_action', 'slices_potato'], ['potato', 'is_type_of', 'food'], ['potato', 'is_type_of', 'vegetable']]"
100,But other sources close to the sale said Vivendi was keeping the door open to further bids and hoped to see bidders interested in individual assets team up.,But other sources close to the sale said Vivendi was keeping the door open for further bids in the next day or two.,[],[]
101,Micron has declared its first quarterly profit for three years.,Micron's numbers also marked the first quarterly profit in three years for the DRAM manufacturer.,"[['Micron', 'declared', 'first quarterly profit'], ['Micron', 'type', 'DRAM manufacturer'], ['first quarterly profit', 'occurred in', 'three years']]","[['Micron', 'marked', 'first quarterly profit'], ['Micron', 'type', 'DRAM manufacturer'], ['first quarterly profit', 'occurred in', 'three years']]"
102,The fines are part of failed Republican efforts to force or entice the Democrats to return.,"Perry said he backs the Senate's efforts, including the fines, to force the Democrats to return.","[['Republicans', 'made_efforts', 'forced_or_enticed_Democrats'], ['fines', 'used_as', 'Republican_efforts'], ['fines', 'part_of', 'Republican_efforts']]","[['Perry', 'backs', ""Senate's_efforts""], [""Senate's_efforts"", 'includes', 'fines'], ['Perry', 'supports', ""Senate's_efforts""]]"
103,"The American Anglican Council, which represents Episcopalian conservatives, said it will seek authorization to create a separate group.","The American Anglican Council, which represents Episcopalian conservatives, said it will seek authorization to create a separate province in North America because of last week's actions.","[['American Anglican Council', 'represents', 'Episcopalian conservatives'], ['American Anglican Council', 'will seek', 'authorization'], ['American Anglican Council', 'will seek', 'creation of a separate group']]","[['American Anglican Council', 'represents', 'Episcopalian conservatives'], ['American Anglican Council', 'will seek', 'authorization'], ['American Anglican Council', 'will seek', 'creation of a separate province'], ['American Anglican Council', 'will seek', 'authorization to create a separate province'], ['American Anglican Council', 'actions', 'last week']]"
104,"The tech-loaded Nasdaq composite rose 20.96 points to 1595.91, ending at its highest level for 12 months.","The technology-laced Nasdaq Composite Index <.IXIC> climbed 19.11 points, or 1.2 percent, to 1,615.02.","[['Nasdaq composite', 'rose', '20.96 points'], ['Nasdaq composite', 'ended_at', '1595.91'], ['Nasdaq composite', 'highest_level_for', '12 months']]","[['Nasdaq Composite Index', 'climbed', '19.11 points'], ['Nasdaq Composite Index', 'increased_by', '1.2 percent'], ['Nasdaq Composite Index', 'ended_at', '1,615.02']]"
105,"Amgen shares gained 93 cents, or 1.45 percent, to $65.05 in afternoon trading on Nasdaq.",Shares of Allergan were up 14 cents at $78.40 in late trading on the New York Stock Exchange.,"[['Amgen', 'gained', '93 cents'], ['Amgen', 'gained_percentage', '1.45%'], ['Amgen', 'trading_price', '65.05'], ['Amgen', 'trading_location', 'Nasdaq']]","[['Allergan', 'was_up', '14 cents'], ['Allergan', 'trading_price', '78.40'], ['Allergan', 'trading_location', 'New York Stock Exchange']]"
106,U.S. prosecutors have arrested more than 130 individuals and have seized more than $17 million in a continuing crackdown on Internet fraud and abuse.,More than 130 people have been arrested and $17 million worth of property seized in an Internet fraud sweep announced Friday by three U.S. government agencies.,"[['US prosecutors', 'arrested', 'more than 130 individuals'], ['more than 130 individuals', 'seized', 'more than $17 million'], ['Internet fraud and abuse', 'targeted', 'US prosecutors']]","[['three U.S. government agencies', 'announced', 'Internet fraud sweep'], ['Internet fraud sweep', 'resulted in', 'more than 130 arrests'], ['more than 130 arrests', 'resulted in', 'seizure of more than $17 million'], ['Internet fraud and abuse', 'targeted', 'three U.S. government agencies']]"
107,"Chavez said investigators feel confident they've got ""at least one of the fires resolved in that regard.""","Albuquerque Mayor Martin Chavez said investigators felt confident that with the arrests they had ""at least one of the fires resolved.""","[['Albuquerque Mayor Martin Chavez', 'said', 'investigators felt confident'], ['investigators felt confident', 'that', ""they had 'at least one of the fires resolved'""]]","[['Albuquerque Mayor Martin Chavez', 'said', 'investigators felt confident'], ['investigators felt confident', 'that', ""they had 'at least one of the fires resolved'""]]"
108,Authorities said the scientist properly quarantined himself at home after he developed SARS symptoms Dec. 10.,"The scientist also quarantined himself at home as soon as he developed SARS symptoms, officials said.","[['scientist', 'developed_symptoms', 'SARS'], ['scientist', 'quarantined_himself', 'home']]","[['scientist', 'developed_symptoms', 'SARS'], ['scientist', 'quarantined_himself', 'home']]"
109,The support will come as a free software upgrade called WebVPN for current customers that have support contracts.,The upgrade will be available as a free download for current customers with SmarNet support in January 2004.,"[['current customers that have support contracts', 'receive', 'WebVPN software upgrade'], ['WebVPN software upgrade', 'type', 'free software upgrade']]","[['current customers with SmarNet support', 'receive', 'free software upgrade'], ['free software upgrade', 'available_from', 'January 2004']]"
110,The man accused of using fake grenades to commandeer a Cuban plane that landed in Key West in April was sentenced Friday to 20 years in prison.,A Cuban architect was sentenced to 20 years in prison Friday for using two fake grenades to hijack a passenger plane from Cuba to Florida in April.,"[['man', 'accused_of', 'using_fake_grenades'], ['man', 'sentenced_to', '20_years_in_prison'], ['man', 'landed_plane_in', 'Key_West'], ['man', 'landed_plane_in_month_of', 'April'], ['using_fake_grenades', 'resulted_in', 'commandeering_plane'], ['commandeering_plane', 'landed_in', 'Key_West'], ['commandeering_plane', 'origin', 'Cuba']]","[['Cuban_architect', 'sentenced_to', '20_years_in_prison'], ['Cuban_architect', 'used_fake_grenades_to', 'hijack_plane'], ['Cuban_architect', 'hijacked_plane_from', 'Cuba'], ['Cuban_architect', 'hijacked_plane_to', 'Florida'], ['Cuban_architect', 'landed_plane_in_month_of', 'April']]"
111,"Jim Williams, director of the US-VISIT project, said that by the middle of November, many arriving passengers in Atlanta will be fingerprinted and photographed.","Jim Williams, director of the US-VISIT project, said that by the middle of November, inspectors will be fingerprinting and photographing many foreign passengers arriving in Atlanta.","[['Jim Williams', 'is_director_of', 'US-VISIT project'], ['US-VISIT project', 'involved_in', 'fingerprinting'], ['US-VISIT project', 'involved_in', 'photographing'], ['many arriving passengers', 'undergo', 'fingerprinting'], ['many arriving passengers', 'undergo', 'photography'], ['Atlanta', 'location_of', 'fingerprinting_and_photography']]","[['Jim Williams', 'is_director_of', 'US-VISIT project'], ['US-VISIT project', 'responsible_for', 'inspectors'], ['inspectors', 'perform', 'fingerprinting'], ['inspectors', 'perform', 'photography'], ['foreign passengers', 'target_group_of', 'fingerprinting_and_photography'], ['Atlanta', 'location_of', 'fingerprinting_and_photography']]"
112,"The hearing occurred a day after the Pentagon for the first time singled out an officer, Dallager, for not addressing the scandal.",The hearing came one day after the Pentagon for the first time singled out an officer - Dallager - for failing to address the scandal.,"[['hearing', 'occurred_on_day_after', 'Pentagon singled_out_officer'], ['Pentagon singled_out_officer', 'singled_out', 'Dallager'], ['Dallager', 'failed_to_address', 'scandal']]","[['hearing', 'occurred_on_day_after', 'Pentagon singled_out_officer'], ['Pentagon singled_out_officer', 'singled_out', 'Dallager'], ['Dallager', 'failed_to_address', 'scandal']]"
113,"The Episcopal Church ''is alienating itself from the Anglican Communion,'' said the Very Rev. Peter Karanja, provost of the All Saints Cathedral, in Nairobi.","In Nairobi, the provost of All Saints Cathedral, the Very Reverend Peter Karanja, said the US Episcopal Church was alienating itself from the Anglican Communion.","[['The Episcopal Church', 'is alienating itself from', 'Anglican Communion'], ['Anglican Communion', 'consists_of', 'Anglican Churches'], ['Anglican Communion', 'headquartered_in', 'London'], ['The Episcopal Church', 'headquartered_in', 'United States'], ['The Episcopal Church', 'is_a', 'Anglican Church'], ['Very Rev. Peter Karanja', 'is_a', 'Provost'], ['Very Rev. Peter Karanja', 'is_a', 'Clergyman'], ['Very Rev. Peter Karanja', 'is_located_in', 'All Saints Cathedral'], ['All Saints Cathedral', 'located_in', 'Nairobi']]","[['The Episcopal Church', 'is_alienating_itself_from', 'Anglican Communion'], ['Anglican Communion', 'consists_of', 'Anglican Churches'], ['Anglican Communion', 'headquartered_in', 'London'], ['The Episcopal Church', 'headquartered_in', 'United States'], ['The Episcopal Church', 'is_a', 'Anglican Church'], ['Very Rev. Peter Karanja', 'is_a', 'Provost'], ['Very Rev. Peter Karanja', 'is_a', 'Clergyman'], ['Very Rev. Peter Karanja', 'is_located_in', 'All Saints Cathedral'], ['All Saints Cathedral', 'located_in', 'Nairobi']]"
114,"Counties with population declines will be Vermillion, Posey and Madison.","Vermillion, Posey and Madison County populations will decline.","[['County', 'has_name', 'Vermillion'], ['County', 'has_name', 'Posey'], ['County', 'has_name', 'Madison'], ['County', 'undergoes_process', 'population_decline']]","[['Vermillion', 'undergoes_process', 'population_decline'], ['Posey', 'undergoes_process', 'population_decline'], ['Madison', 'undergoes_process', 'population_decline']]"
115,"Swartz, indicted in February, had argued that New Hampshire was the wrong place to charge him.","Swartz had sought to have the charges dismissed, saying New Hampshire was the wrong place to charge him.","[['Aaron Swartz', 'argued', 'New Hampshire was the wrong place to charge him']]","[['Aaron Swartz', 'argued', 'New Hampshire was the wrong place to charge him']]"
116,"The last time the survey was conducted, in 1995, those numbers matched.","In 1995, the last survey, those numbers were equal.","[['last survey', 'was_conducted_in', '1995'], ['numbers', 'matched_in', 'last_survey']]","[['last survey', 'was_conducted', 'in_1995'], ['numbers', 'were_equal_in', 'last_survey']]"
117,Higher courts have ruled that the tablets broke the constitutional separation of church and state.,The federal courts have ruled that the monument violates the constitutional ban against state-established religion.,"[['higher courts', 'ruled', 'tablets broke constitutional separation'], ['tablets', 'broke', 'constitutional separation of church and state']]","[['federal courts', 'ruled', 'monument violates constitutional ban'], ['monument', 'violates', 'constitutional ban against state-established religion']]"
118,They were at Raffles Hospital over the weekend for further evaluation.,"They underwent more tests over the weekend, and are now warded at Raffles Hospital.","[['They', 'were_at', 'Raffles Hospital'], ['Raffles Hospital', 'is_a', 'Hospital'], ['They', 'underwent', 'further_evaluation']]","[['They', 'underwent', 'more_tests'], ['They', 'are_warded_at', 'Raffles Hospital'], ['Raffles Hospital', 'is_a', 'Hospital']]"
119,"When the bomb exploded at the Casa de España, customers were eating dinner and playing bingo.","At the Casa de Espaa, customers were eating dinner and playing bingo when a bomb went off.","[['Casa de España', 'location_of', 'event'], ['event', 'type', 'bomb_explosion'], ['customers', 'present_at', 'Casa de España'], ['customers', 'activity', 'eating_dinner'], ['customers', 'activity', 'playing_bingo']]","[['Casa de España', 'location_of', 'event'], ['event', 'type', 'bomb_explosion'], ['customers', 'present_at', 'Casa de España'], ['customers', 'activity', 'eating_dinner'], ['customers', 'activity', 'playing_bingo']]"
120,Plofsky said the commission won't investigate because the three-year statute of limitations has expired.,"The panel will not begin a formal investigation because the statute of limitations has expired, Plofsky said.","[['Plofsky', 'said', ""commission won't investigate""], ['commission', ""won't investigate"", 'because'], ['commission', ""won't investigate"", 'statute of limitations has expired'], ['statute of limitations', 'has expired', 'three-year']]","[['Plofsky', 'said', ""panel won't begin""], ['panel', ""won't begin"", 'formal investigation'], ['panel', ""won't begin"", 'because'], ['panel', ""won't begin"", 'statute of limitations has expired']]"
121,"In two weeks, he'll probably send out Peace Rules in the Preakness.",Frankel said Peace Rules will run in the Preakness Stakes on May 17.,"[['he', 'will_send_out', 'Peace Rules'], ['Peace Rules', 'participates_in', 'Preakness Stakes'], ['Preakness Stakes', 'date', 'May 17']]","[['Frankel', 'said', 'Peace Rules'], ['Peace Rules', 'will_run_in', 'Preakness Stakes'], ['Preakness Stakes', 'date', 'May 17']]"
122,"If convicted of the spying charges, he could face the death penalty.",The charges of espionage and aiding the enemy can carry the death penalty.,"[['he', 'could face', 'death penalty'], ['he', 'convicted of', 'spying charges'], ['spying charges', 'carry', 'death penalty']]","[['he', 'could face', 'death penalty'], ['he', 'charged with', 'espionage'], ['he', 'charged with', 'aiding the enemy'], ['espionage', 'carries', 'death penalty'], ['aiding the enemy', 'carries', 'death penalty']]"
123,"The technology-laced Nasdaq Composite Index was up 7.60 points, or 0.46 percent, at 1,653.62.","The broader Standard & Poor's 500 Index <.SPX> shed 2.38 points, or 0.24 percent, at 995.10.","[['Nasdaq Composite Index', 'was_up', '7.60_points'], ['Nasdaq Composite Index', 'was_at', '1,653.62'], ['Nasdaq Composite Index', 'percent_change', '0.46'], ['Nasdaq Composite Index', 'index_name', 'Nasdaq_Composite_Index']]","[[""Standard & Poor's 500 Index"", 'was_down', '2.38_points'], [""Standard & Poor's 500 Index"", 'was_at', '995.10'], [""Standard & Poor's 500 Index"", 'percent_change', '-0.24'], [""Standard & Poor's 500 Index"", 'index_name', ""Standard_&_Poor's_500_Index""]]"
124,Hilsenrath and Klarman each were indicted on three counts of securities fraud.,Klarman was charged with 16 counts of wire fraud.,"[['Hilsenrath', 'indicted on', 'three counts of securities fraud'], ['Klarman', 'indicted on', 'three counts of securities fraud'], ['Hilsenrath', 'identical_to', 'Klarman']]","[['Klarman', 'charged with', '16 counts of wire fraud']]"
125,Entrenched interests are positioning themselves to control the network's chokepoints and they are lobbying the FCC to aid and abet them.,"It may be dying because entrenched interests are positioning themselves to control the Internet's choke-points and they are lobbying the FCC to aid and abet them.""","[['entrenched interests', 'positioning_themselves', ""network's chokepoints""], ['entrenched interests', 'lobbying', 'FCC']]","[['it', 'may_be_dying', 'because'], ['entrenched_interests', 'positioning_themselves', ""internet's choke-points""], ['entrenched_interests', 'lobbying', 'FCC'], ['FCC', 'aiding_and_abetting', 'entrenched_interests']]"
126,But church members and observers say they expect that the decision could be problematic for many Episcopalians.,But church members and observers say they anticipate that the decision here could pose doctrinal problems for some Episcopalians who believe the Bible prohibits homosexuality.,"[['church members', 'expect', 'decision could be problematic'], ['decision', 'affects', 'many Episcopalians'], ['observers', 'say', 'decision could pose problems'], ['Episcopalians', 'belong to', 'church']]","[['church members', 'anticipate', 'decision could pose doctrinal problems'], ['some Episcopalians', 'believe', 'Bible prohibits homosexuality'], ['decision', 'affects', 'doctrinal beliefs'], ['Episcopalians', 'belong to', 'church']]"
127,Squyres is principal investigator for the Athena payload - a collection of science instruments carted by each rover.,"Steve Squyres, a Cornell University scientist, is principal investigator for the missions' science instruments.","[['Steve Squyres', 'is_principal_investigator_for', 'Athena_payload'], ['Athena_payload', 'is_collected_by', 'each_rover']]","[['Steve Squyres', 'is_principal_investigator_for', ""missions' science instruments""], [""missions' science instruments"", 'belongs_to', 'Cornell University']]"
128,"The military said it had killed 12 rebels and captured nine in the campaign so far, for the loss of six soldiers wounded.","The military said it had killed 16 rebels and captured nine in the campaign so far, with one soldier killed and six wounded.","[['military', 'killed', '12 rebels'], ['military', 'captured', '9 rebels'], ['campaign', 'lost', '6 soldiers'], ['soldiers', 'wounded', '6']]","[['military', 'killed', '16 rebels'], ['military', 'captured', '9 rebels'], ['campaign', 'lost', '1 soldier'], ['soldier', 'killed', '1'], ['soldiers', 'wounded', '6']]"
129,The new sensor -- dubbed CANARY for ''cellular analysis and notification of antigen risks and yields'' -- hijacks this natural process with two important changes.,"The team has named the sensor Canary, for cellular analysis and notification of antigen risks and yields.","[['CANARY (sensor)', 'named', 'Canary'], ['CANARY (sensor)', 'used for', 'cellular analysis and notification of antigen risks and yields']]","[['CANARY (sensor)', 'dubbed as', 'CANARY (sensor name)'], ['CANARY (sensor name)', 'described as', 'cellular analysis and notification of antigen risks and yields']]"
130,Express Scripts ESRX.O shares fell 3.6 percent to close at $66.89 on the Nasdaq.,Shares of Express Scripts ESRX.O fell about 4 percent to $66.73 on the Nasdaq in late morning trade.,"[['Express Scripts ESRX.O', 'fell', '3.6%'], ['Express Scripts ESRX.O', 'closed_at', '$66.89'], ['Express Scripts ESRX.O', 'traded_on', 'Nasdaq']]","[['Express Scripts ESRX.O', 'fell_about', '4%'], ['Express Scripts ESRX.O', 'closed_at_approximately', '$66.73'], ['Express Scripts ESRX.O', 'traded_on', 'Nasdaq']]"
131,"One, Fort Carson-based Sgt. Ernest Bucklew, 33, had been on his way home to attend his mother's funeral in Pennsylvania.","Sgt. Ernest Bucklew, 33, was coming home from Iraq to bury his mother in Pennsylvania.","[['Sgt. Ernest Bucklew', 'was_coming_from', 'Iraq'], ['Sgt. Ernest Bucklew', 'had_been', 'on_his_way_to_his_mother_s_funeral'], ['Sgt. Ernest Bucklew', 'was_from', 'Fort_Carson'], ['Sgt. Ernest Bucklew', 'was', '33'], ['Sgt. Ernest Bucklew', 'was', 'a_soldier'], ['Pennsylvania', 'was_location_of', 'mother_s_funeral']]","[['Sgt. Ernest Bucklew', 'was_coming_from', 'Iraq'], ['Sgt. Ernest Bucklew', 'was_going_to', 'mother_s_funeral'], ['Sgt. Ernest Bucklew', 'was', '33'], ['Sgt. Ernest Bucklew', 'was', 'a_soldier'], ['Fort_Carson', 'was_location_of', 'Sgt_Ernest_Bucklew'], ['Pennsylvania', 'was_location_of', 'mother_s_funeral']]"
132,Police launched an international hunt for Shevaun Pennington after she ran away with 31-year-old Toby Studabaker Saturday.,Shevaun Pennington disappeared on Saturday morning after arranging to meet 31-year-old Toby Studabaker.,"[['Shevaun Pennington', 'ran_away_with', 'Toby Studabaker'], ['Shevaun Pennington', 'disappeared', 'Saturday'], ['Toby Studabaker', 'age', '31']]","[['Shevaun Pennington', 'arranged_to_meet', 'Toby Studabaker'], ['Shevaun Pennington', 'disappeared', 'Saturday'], ['Toby Studabaker', 'age', '31']]"
133,"Lawyers and others familiar with the federal investigation say it remains focused on Campbell, though prosecutors declined to discuss the probe.","While federal prosecutors refuse to discuss the investigation, lawyers and others familiar with it say it remains focused on Campbell.","[['lawyers and others', 'familiar with', 'federal investigation'], ['federal investigation', 'focused on', 'Campbell']]","[['lawyers and others', 'familiar with', 'federal investigation'], ['federal investigation', 'focused on', 'Campbell']]"
134,"The Dow Jones industrial average .DJI was off 58.69 points, or 0.64 percent, at 9,137.86.","The blue-chip Dow Jones industrial average .DJI fell 86.56 points, or 0.94 percent, to 9,109.99, after giving up more than 1 percent earlier.","[['.DJI (Dow Jones industrial average)', 'was_off', '-58.69'], ['.DJI (Dow Jones industrial average)', 'was', '9137.86'], ['.DJI (Dow Jones industrial average)', 'decreased_by', '0.64'], ['.DJI (Dow Jones industrial average)', 'is_a', 'stock_index']]","[['.DJI (Dow Jones industrial average)', 'fell', '-86.56'], ['.DJI (Dow Jones industrial average)', 'was', '9109.99'], ['.DJI (Dow Jones industrial average)', 'decreased_by', '0.94'], ['.DJI (Dow Jones industrial average)', 'is_a', 'stock_index']]"
135,Peace Rules defeated Funny Cide in the Louisiana Derby.,But neither he nor Peace Rules could keep Funny Cide from drawing away.,"[['Peace Rules', 'defeated', 'Funny Cide'], ['Peace Rules', 'raced_in', 'Louisiana Derby']]","[['Funny Cide', ""couldn't_be_kept_from_drawing_away_by"", 'Peace Rules'], ['Funny Cide', 'raced_in', 'Louisiana Derby']]"
136,Waksal has pleaded guilty to securities fraud and is to be sentenced next week.,"Waksal pleaded guilty to insider trading charges last year, and he is scheduled to be sentenced June 10.","[['Waksal', 'pleaded_guilty_to', 'securities_fraud'], ['Waksal', 'is_to_be_sentenced', 'next_week']]","[['Waksal', 'pleaded_guilty_to', 'insider_trading_charges'], ['Waksal', 'is_scheduled_to_be_sentenced', 'June_10']]"
137,He allowed two runs in seven innings and struck out six.,Zambrano pitched seven innings and allowed two runs on five hits and four walks.,"[['He', 'allowed', 'two runs'], ['He', 'pitched', 'seven innings'], ['two runs', 'scored_by', 'base_runners']]","[['Zambrano', 'pitched', 'seven innings'], ['Zambrano', 'allowed', 'two runs'], ['two runs', 'scored_by', 'base_runners'], ['five hits', 'allowed_by', 'Zambrano'], ['four walks', 'issued_by', 'Zambrano']]"
138,"Still, he said, ""I'm absolutely confident we're going to have a bill.""","""I'm absolutely confident we're going to have a bill,"" Frist, R-Tenn., said Thursday.","[['he', 'said', ""I'm absolutely confident we're going to have a bill.""], [""I'm absolutely confident we're going to have a bill."", 'is_statement_of', 'he']]","[['Frist, R-Tenn.', 'said', ""I'm absolutely confident we're going to have a bill.""], [""I'm absolutely confident we're going to have a bill."", 'is_statement_of', 'Frist, R-Tenn.']]"
139,Boeing said the final agreement is expected to be signed during the next few weeks.,"The Korean Air deal is expected to be finalized ""in the next several weeks,"" Boeing spokesman Bob Saling said.","[['Boeing', 'expected_to_sign', 'final_agreement'], ['final_agreement', 'expected_signing_time', 'next_few_weeks']]","[['Boeing', 'spokesman', 'Bob Saling'], ['Bob Saling', 'announced', 'expected_finalization_time'], ['expected_finalization_time', 'description', 'in the next several weeks'], ['expected_finalization_time', 'belongs_to', 'Korean_Air_deal']]"
140,"Shares in EDS closed on Thursday at $18.51, a gain of 6 cents.","Shares of EDS closed Thursday at $18.51, up 6 cents on the New York Stock Exchange.","[['EDS', 'closed_at', '18.51'], ['EDS', 'gained', '6 cents'], ['EDS', 'is_a', 'company']]","[['EDS', 'closed_at', '18.51'], ['EDS', 'increased_by', '6 cents'], ['EDS', 'is_a', 'company'], ['EDS', 'located_at', 'New York Stock Exchange']]"
141,"Nationally, the federal Centers for Disease Control and Prevention recorded 4,156 cases of West Nile, including 284 deaths.","There were 293 human cases of West Nile in Indiana in 2002, including 11 deaths statewide.","[['Centers for Disease Control and Prevention', 'recorded', '4156 cases of West Nile'], ['4156 cases of West Nile', 'included', '284 deaths'], ['284 deaths', 'occurred', 'nationally']]","[['Indiana', 'recorded', '293 human cases of West Nile'], ['293 human cases of West Nile', 'included', '11 deaths'], ['11 deaths', 'occurred', 'in Indiana']]"
142,A divided Supreme Court ruled Monday that Congress can force the nation's public libraries to equip computers with anti-pornography filters.,"The Supreme Court said Monday the government can require public libraries to equip computers with anti-pornography filters, rejecting librarians' complaints that the law amounts to censorship.","[['Supreme Court', 'ruled', 'Monday'], ['Supreme Court', 'issued', 'ruling'], ['ruling', 'on', ""nation's public libraries""], [""nation's public libraries"", 'required', 'equip computers'], ['computers', 'with', 'anti-pornography filters']]","[['Supreme Court', 'said', 'Monday'], ['Supreme Court', 'issued', 'ruling'], ['ruling', 'on', 'public libraries'], ['public libraries', 'required', 'equip computers'], ['computers', 'with', 'anti-pornography filters'], ['librarians', 'complained', 'law'], ['law', 'amounts to', 'censorship']]"
143,The weakness exists in the way that VBA looks at the properties of documents passed to it when the document is opened by a host application.,The vulnerability exists in the way Microsoft's Visual Basic for Applications checks document properties passed to it when a document is opened.,"[['VBA', 'checks', 'document_properties'], ['document_properties', 'passed_to', 'VBA'], ['VBA', 'looks_at', 'properties_of_documents'], ['properties_of_documents', 'weakness_exists_in', 'way_VBA_handles_them']]","[['Microsoft', 'developed', 'Visual_Basic_for_Applications'], ['Visual_Basic_for_Applications', 'checks', 'document_properties'], ['document_properties', 'passed_to', 'Visual_Basic_for_Applications'], ['Visual_Basic_for_Applications', 'handles', 'properties_of_documents'], ['properties_of_documents', 'vulnerability_exists_in', 'way_Microsoft_handles_them']]"
144,"Of 24 million phoned-in votes, 50.28 percent were for Studdard, putting him 130,000 votes ahead of Aiken.","Of the 24 million phone votes cast, Studdard was only 130,000 votes ahead of Aiken.","[['Studdard', 'received', '50.28_percent_of_votes'], ['Studdard', 'had', '130000_votes_more_than_Aiken'], ['Studdard', 'was', '130000_votes_ahead_of_Aiken']]","[['Studdard', 'had', '50.28_percent_of_votes'], ['Aiken', 'had', '49.72_percent_of_votes'], ['Studdard', 'was', '130000_votes_ahead_of_Aiken']]"
145,Consumers still would have to get a descrambling security card from their cable operator to plug into the set.,"To watch pay television, consumers would insert into the set a security card provided by their cable service.","[['Consumers', 'need', 'descrambling security card'], ['descrambling security card', 'provided by', 'cable operator'], ['Consumers', 'plug', 'descrambling security card']]","[['Consumers', 'need', 'security card'], ['security card', 'provided by', 'cable service'], ['Consumers', 'plug', 'security card']]"
146,"However, we have decided to opt for the European consortium's engine as the best overall solution and due to the substantial price efforts made"".","However, we have decided to opt for the European consortium's engine as the best overall solution.""","[[""European consortium's engine"", 'was chosen as', 'best overall solution']]","[[""European consortium's engine"", 'was chosen as', 'best overall solution']]"
147,"The Food and Drug Administration rejected ImClone's 2001 application to sell Erbitux, citing shoddy research.","The U.S. Food and Drug Administration rejected ImClone's original application in December 2001, saying the trial had been sloppily conducted.","[['ImClone', 'submitted_application', 'Food_and_Drug_Administration'], ['Food_and_Drug_Administration', 'rejected', 'ImClone'], ['ImClone', 'product', 'Erbitux'], ['Erbitux', 'application_year', '2001'], ['ImClone', 'research', 'shoddy']]","[['ImClone', 'submitted_application', 'Food_and_Drug_Administration'], ['Food_and_Drug_Administration', 'rejected', 'ImClone'], ['ImClone', 'product', 'Erbitux'], ['Erbitux', 'application_year', '2001'], ['Food_and_Drug_Administration', 'reason_for_rejection', 'sloppily_conducted_research']]"
148,"Critics say the law violates civil liberties, something House Judiciary Committee Chairman James Sensenbrenner, R-Wis., says he is sensitive to.","House Judiciary Committee Chairman James Sensenbrenner, R-Wis., says he is sensitive to civil liberties complaints.","[['House Judiciary Committee Chairman', 'is', 'James Sensenbrenner'], ['James Sensenbrenner', 'is_a', 'Republican'], ['James Sensenbrenner', 'is_from', 'Wisconsin'], ['James Sensenbrenner', 'says', 'he is sensitive to civil liberties complaints']]","[['House Judiciary Committee Chairman', 'is', 'James Sensenbrenner'], ['James Sensenbrenner', 'is_a', 'Republican'], ['James Sensenbrenner', 'is_from', 'Wisconsin'], ['James Sensenbrenner', 'is_sensitive_to', 'civil liberties complaints']]"
149,"The Dodgers won their sixth consecutive game their longest win streak since 2001 as they edged Colorado, 3-2, Wednesday in front of a crowd of 25,332 at Dodger Stadium.","The Dodgers won their sixth consecutive game and seventh in their last nine as they beat Colorado 3-2 on Wednesday in front of a crowd of 25,332 at Dodger Stadium.","[['Dodgers', 'won', 'six consecutive games'], ['Dodgers', 'won', 'seventh in last nine games'], ['Dodgers', 'beated', 'Colorado'], ['Dodgers', 'score', '3-2'], ['Dodgers', 'played_against', 'Colorado'], ['Colorado', 'lost', '3-2'], ['Crowd', 'attended', '25,332'], ['Dodger Stadium', 'location', 'Dodger Stadium']]","[['Dodgers', 'won', 'six consecutive games'], ['Dodgers', 'won', 'seventh in last nine games'], ['Dodgers', 'beated', 'Colorado'], ['Dodgers', 'score', '3-2'], ['Dodgers', 'played_against', 'Colorado'], ['Colorado', 'lost', '3-2'], ['Crowd', 'attended', '25,332'], ['Dodger Stadium', 'location', 'Dodger Stadium']]"
150,"So far, they have searched Pennsylvania, Ohio, Michigan, Illinois and Indiana, authorities in those state said.","So far, authorities also have searched areas in Pennsylvania, Ohio, Indiana, and Michigan.","[['authorities', 'searched', 'Pennsylvania'], ['authorities', 'searched', 'Ohio'], ['authorities', 'searched', 'Michigan'], ['authorities', 'searched', 'Illinois'], ['authorities', 'searched', 'Indiana']]","[['authorities', 'have searched', 'areas in Pennsylvania'], ['authorities', 'have searched', 'areas in Ohio'], ['authorities', 'have searched', 'areas in Indiana'], ['authorities', 'have searched', 'areas in Michigan']]"
151,"The 30-year bond US30YT=RR firmed 31/32, taking its yield to 4.16 percent -- another record low -- from 4.22 percent.","The 30-year bond <US30YT=RR> firmed 24/32, taking its yield to 4.18 percent, after hitting another record low of 4.16 percent.","[['30-year bond US30YT=RR', 'firmed', '31/32'], ['30-year bond US30YT=RR', 'has_yield', '4.16'], ['30-year bond US30YT=RR', 'has_yield', '4.18']]","[['30-year bond US30YT=RR', 'firmed', '24/32'], ['30-year bond US30YT=RR', 'has_yield', '4.18'], ['30-year bond US30YT=RR', 'has_record_low_yield', '4.16']]"
152,"On Thursday, a Washington Post article argued that a 50 basis point cut from the Fed was more likely, contrary to the Wall Street Journal's line.","On Thursday, a Post article argued that a 50 basis point cut from the Fed was more likely.","[['Washington Post', 'published', 'article'], ['article', 'argued for', '50 basis point cut'], ['Fed', 'expected_action', '50 basis point cut'], ['article', 'contradicted', 'Wall Street Journal'], ['Wall Street Journal', 'held', 'different view']]","[['article', 'published by', 'Washington Post'], ['article', 'argued for', '50 basis point cut'], ['Fed', 'expected_action', '50 basis point cut']]"
153,"Mr. Heatley, who suffered a broken jaw and torn knee ligaments, faces several charges.",Heatley underwent surgery Saturday for a broken jaw and an MRI found two torn ligaments in his right knee.,"[['Mr. Heatley', 'suffered', 'broken jaw'], ['Mr. Heatley', 'suffered', 'torn ligaments'], ['broken jaw', 'is_a', 'injury'], ['torn ligaments', 'is_a', 'injury'], ['Mr. Heatley', 'has_injury', 'broken jaw'], ['Mr. Heatley', 'has_injury', 'torn ligaments']]","[['Mr. Heatley', 'underwent', 'surgery'], ['surgery', 'performed_on', 'Mr. Heatley'], ['Mr. Heatley', 'had_diagnosis', 'broken jaw'], ['Mr. Heatley', 'had_diagnosis', 'torn ligaments'], ['broken jaw', 'is_a', 'injury'], ['torn ligaments', 'is_a', 'injury']]"
154,Lay had argued that handing over the documents would be a violation of his Fifth Amendment rights against self-incrimination.,"Lay had refused to turn over the papers, asserting his Fifth Amendment right against self-incrimination.","[['Lay', 'argued', 'handing over documents']]","[['Lay', 'refused', 'turn over papers'], ['Lay', 'asserted', 'Fifth Amendment right']]"
155,Strayhorn said it was the first time in Texas history a comptroller had not certified the appropriations act.,"In a news release Thursday, Strayhorn said this was the first time a comptroller rejected a budget.","[['Strayhorn', 'said', 'first_time_in_Texas_history'], ['first_time_in_Texas_history', 'event', 'Texas history'], ['Strayhorn', 'event', 'first_time_in_Texas_history'], ['first_time_in_Texas_history', 'event_type', 'rejected_certification'], ['Strayhorn', 'role', 'comptroller']]","[['Strayhorn', 'said', 'first_time_a_comptroller_rejected_a_budget'], ['first_time_a_comptroller_rejected_a_budget', 'event', 'news_release'], ['Strayhorn', 'event', 'first_time_a_comptroller_rejected_a_budget'], ['first_time_a_comptroller_rejected_a_budget', 'event_type', 'news_release_thursday'], ['Strayhorn', 'role', 'comptroller']]"
156,"Excluding the charges, analysts, on average, expected a loss of 11 cents a share.",Analysts polled by Thomson Financial First Call had been expected to see a loss of about 11 cents a share from continuing operations.,"[['analysts', 'expected', 'loss_per_share_from_continuing_operations'], ['loss_per_share_from_continuing_operations', 'average', 'analysts']]","[['analysts', 'polled_by', 'Thomson_Financial_First_Call'], ['Thomson_Financial_First_Call', 'expected', 'loss_per_share_from_continuing_operations'], ['loss_per_share_from_continuing_operations', 'average', 'analysts_polled_by_Thomson_Financial_First_Call']]"
157,"Security experts are warning that a new mass-mailing worm is spreading widely across the Internet, sometimes posing as e-mail from the Microsoft founder.","A new worm has been spreading rapidly across the Internet, sometimes pretending to be an e-mail from Microsoft Chairman Bill Gates, antivirus vendors said Monday.","[['security experts', 'warning', 'new mass-mailing worm'], ['new mass-mailing worm', 'posing_as', 'e-mail from Microsoft founder'], ['new mass-mailing worm', 'spreading_across', 'Internet']]","[['security experts', 'issued_warning', 'new worm'], ['new worm', 'pretending_to_be', 'e-mail from Microsoft Chairman'], ['new worm', 'spreading_across', 'Internet'], ['Microsoft Chairman', 'identified_as', 'Bill Gates']]"
158,Mr Sahel said police had identified the bodies of seven of the 14-strong cell believed to have carried out the five almost simultaneous attacks on Saturday.,He said police had identified the bodies of seven of the 14 bombers who launched five almost simultaneous raids Friday night.,"[['Mr. Sahel', 'said', 'police_identified_bodies_of_seven'], ['police_identified_bodies_of_seven', 'of', '14-strong_cell'], ['14-strong_cell', 'believed_to_have_carried_out', ""['five_almost_simultaneous_attacks', 'Saturday']""], ['five_almost_simultaneous_attacks', 'occurred_on', 'Saturday']]","[['Mr. Sahel', 'said', 'police_identified_bodies_of_seven'], ['police_identified_bodies_of_seven', 'of', '14-bombers'], ['14-bombers', 'launched', ""['five_almost_simultaneous_raids', 'Friday_night']""], ['five_almost_simultaneous_raids', 'occurred_on', 'Friday_night']]"
159,"Only New Jersey now bans holders of learners permits or intermediate licenses from using cell phones, pagers or other wireless devices while driving.","In addition, the NTSB also recommended to NHTSA that state legislation be enacted to prohibit holders of learners permits and intermediate licenses from using mobile phones while driving.","[['New Jersey', 'bans', 'holders of learners permits or intermediate licenses'], ['holders of learners permits or intermediate licenses', 'prohibited from using', 'cell phones, pagers or other wireless devices'], ['holders of learners permits or intermediate licenses', 'are', 'drivers']]","[['NTSB', 'recommended', 'NHTSA'], ['NHTSA', 'considers', 'state legislation'], ['state legislation', 'prohibits', 'holders of learners permits and intermediate licenses'], ['holders of learners permits and intermediate licenses', 'are prohibited from using', 'mobile phones'], ['holders of learners permits and intermediate licenses', 'are', 'drivers']]"
160,The University of Michigan released today a new admissions policy after the U.S. Supreme Court struck down in June the way it previously admitted undergraduates.,The University of Michigan plans to release a new undergraduate admissions policy Thursday after its acceptance requirements were rejected by the U.S. Supreme Court in June.,"[['University of Michigan', 'released', 'new admissions policy'], ['new admissions policy', 'replaces', 'previous admissions policy'], ['previous admissions policy', 'previously_struck_down', 'U.S. Supreme Court'], ['U.S. Supreme Court', 'struck_down', ""University of Michigan's_admissions_policy_in_June""]]","[['University of Michigan', 'plans_to_release', 'new_undergraduate_admissions_policy'], ['new_undergraduate_admissions_policy', 'to_be_released_on', 'Thursday'], ['U.S. Supreme Court', 'rejected', ""University_of_Michigan's_acceptance_requirements""], [""University of Michigan's_acceptance_requirements"", 'previously_rejected_by', 'U.S. Supreme Court'], ['new_undergraduate_admissions_policy', 'replaces', 'previous_admissions_policy']]"
161,The audiotape aired last week by the Arab Al-Jazeera television network appears to be an effort to incite attacks.,An audiotape aired last week by the Arab al-Jazeera television network may be the strongest evidence yet that Saddam survived the war.,"[['Arab Al-Jazeera television network', 'aired', 'audiotape'], ['audiotape', 'type', 'effort'], ['audiotape', 'goal', 'incite attacks']]","[['Arab al-Jazeera television network', 'aired', 'audiotape'], ['audiotape', 'type', 'evidence'], ['audiotape', 'strongest_evidence_for', ""Saddam's_survival""], [""Saddam's_survival"", 'confirmed_by', 'audiotape']]"
162,Former company chief financial officer Franklyn M. Bergonzi pleaded guilty to one count of conspiracy on June 5 and agreed to cooperate with prosecutors.,"Last week, former chief financial officer Franklyn Bergonzi pleaded guilty to one count of conspiracy and agreed to cooperate with the government's investigation.","[['Franklyn M. Bergonzi', 'pleaded_guilty_to', 'one count of conspiracy'], ['Franklyn M. Bergonzi', 'agreed_to_cooperate', 'prosecutors']]","[['Franklyn M. Bergonzi', 'formerly_held_position_of', 'chief financial officer'], ['Franklyn M. Bergonzi', 'pleaded_guilty', 'last_week'], ['Franklyn M. Bergonzi', 'agreed_to_cooperate', ""government's_investigation""]]"
163,The company didn't detail the costs of the replacement and repairs.,But company officials expect the costs of the replacement work to run into the millions of dollars.,"[['company', 'did not detail', 'costs of replacement and repairs']]","[['company', 'expects', 'costs of replacement work'], ['costs of replacement work', 'runs into', 'millions of dollars']]"
164,"Dean told reporters traveling on his 10-city ""Sleepless Summer"" tour that he considered campaigning in Texas a challenge.","Today, Dean ends his four-day, 10-city ""Sleepless Summer"" tour in Chicago and New York.","[['Dean', 'conducted', 'Sleepless Summer tour'], ['Sleepless Summer tour', 'consisted_of', '10_cities'], ['Dean', 'considered', 'campaigning_in_Texas']]","[['Dean', 'ended', 'Sleepless Summer tour'], ['Sleepless Summer tour', 'lasted_for', '4_days'], ['Dean', 'visited_cities', 'Chicago'], ['Dean', 'visited_cities', 'New_York']]"
165,"""I felt that if I disagreed with Rosie too much I would lose my job,"" she said.","Cavender did say: ""I felt that if I disagreed with Rosie too much I would lose my job.""","[['she', 'said', 'I felt that if I disagreed with Rosie too much I would lose my job']]","[['Cavender', 'said', 'I felt that if I disagreed with Rosie too much I would lose my job']]"
166,The device plays Internet radio streams and comes with a 30-day trial of RealNetworks' Rhapsody music service.,The product also streams Internet radio and comes with a 30-day free trial for RealNetworks' Rhapsody digital music subscription service.,"[['device', 'plays', 'Internet radio'], ['device', 'comes_with', '30-day trial'], ['30-day trial', 'provided_by', 'RealNetworks'], ['RealNetworks', 'offers', 'Rhapsody music service'], ['Rhapsody music service', 'type', 'music subscription']]","[['product', 'plays', 'Internet radio'], ['product', 'comes_with', '30-day free trial'], ['30-day free trial', 'provided_by', 'RealNetworks'], ['RealNetworks', 'offers', 'Rhapsody digital music subscription service'], ['Rhapsody digital music subscription service', 'type', 'music subscription']]"
167,"The dollar fell as low as $1.1624 per euro from $1.1486 on Friday, and traded at $1.1594 at 10:15 a.m. in London.",The dollar dropped to $1.1564 per euro at 7:30 a.m. in London from $1.1486 on Friday.,"[['dollar', 'reached_low', '$1.1624'], ['dollar', 'traded_at', '$1.1594'], ['dollar', 'previously_traded_at', '$1.1486'], ['euro', 'value_against_dollar', '$1.1624'], ['euro', 'value_against_dollar', '$1.1564'], ['euro', 'value_against_dollar', '$1.1486']]","[['dollar', 'dropped_to', '$1.1564'], ['dollar', 'previously_traded_at', '$1.1486']]"
168,"The American decision provoked an angry reaction from the European Commission, which described the move as ""legally unwarranted, economically unfounded and politically unhelpful"".","The European Commission, the EU's powerful executive body, described the move as ""legally unwarranted, economically unfounded and politically unhelpful.""","[['American decision', 'provoked', 'angry reaction'], ['angry reaction', 'described as', 'legally unwarranted'], ['angry reaction', 'described as', 'economically unfounded'], ['angry reaction', 'described as', 'politically unhelpful'], ['European Commission', 'described', 'angry reaction']]","[['European Commission', 'described', 'angry reaction'], ['angry reaction', 'described as', 'legally unwarranted'], ['angry reaction', 'described as', 'economically unfounded'], ['angry reaction', 'described as', 'politically unhelpful']]"
169,"Ms. Cripps-Prawak left last Friday, two days after the department introduced a plan to distribute medical marijuana through doctors' offices.","The director of the Office of Medical Access, Cindy Cripps-Prawak, left her job after the department introduced a plan to distribute marijuana through doctors' offices.","[['Ms. Cripps-Prawak', 'left_job', 'last_Friday'], ['department', 'introduced', 'plan_to_distribute_marijuana'], ['plan_to_distribute_marijuana', 'distribution_method', 'through_doctors_offices']]","[['Cindy Cripps-Prawak', 'held_position', 'director_of_Office_of_Medical_Access'], ['Cindy Cripps-Prawak', 'left_job', 'after_introduction_of_plan'], ['department', 'introduced', 'plan_to_distribute_marijuana'], ['plan_to_distribute_marijuana', 'distribution_method', 'through_doctors_offices']]"
170,"During 2001 and 2002, Morgenthau said, wire transfers from just four of Beacon Hill's 40 accounts totaled more than $3.2 billion.","Wire transfers from four of the 40 accounts open at Beacon Hill totaled more than $3.2 billion from 2001 to 2002, Morgenthau said.","[['Beacon Hill', 'has_number_of_accounts', '40'], ['four_accounts', 'transferred', 'more than $3.2 billion'], ['time_period', 'contains', '2001 and 2002'], ['four_accounts', 'belongs_to', 'Beacon Hill']]","[['Beacon Hill', 'has_number_of_accounts', '40'], ['time_period', 'contains', '2001 to 2002'], ['four_accounts', 'transferred', 'more than $3.2 billion'], ['four_accounts', 'belongs_to', 'Beacon Hill']]"
171,"Last year, he made an unsuccessful bid for the Democratic nomination for governor.","He ran last year for the Democratic nomination for Texas governor, but lost the primary to multimillionaire Tony Sanchez.","[['he', 'ran_for', 'Democratic_nomination_for_governor'], ['Democratic_nomination_for_governor', 'year', 'last_year'], ['he', 'lost_election', 'election']]","[['he', 'ran_for', 'Democratic_nomination_for_Texas_governor'], ['Democratic_nomination_for_Texas_governor', 'year', 'last_year'], ['he', 'lost_primary_election_to', 'Tony_Sanchez'], ['Tony_Sanchez', 'won_primary_election', 'election']]"
172,"The nation's largest retailer has told its 100 top suppliers they have to start using electronic tags on all pallets of goods by Jan. 25, 2005.","Wal-Mart has told its top 100 suppliers that they'll need to have radio-frequency ID systems in place for tracking pallets of goods through the supply chain by Jan. 25, 2005.","[[""nation's largest retailer"", 'instructed', 'top 100 suppliers'], ['top 100 suppliers', 'required_action', 'start using electronic tags'], ['electronic tags', 'used_for', 'tracking pallets of goods'], ['electronic tags', 'implementation_deadline', 'Jan. 25, 2005']]","[['Wal-Mart', 'instructed', 'top 100 suppliers'], ['top 100 suppliers', 'required_action', 'have radio-frequency ID systems'], ['radio-frequency ID systems', 'used_for', 'tracking pallets of goods'], ['radio-frequency ID systems', 'implementation_deadline', 'Jan. 25, 2005']]"
173,He was taken to a hospital for precautionary X-rays on his neck.,"Harvey was taken to St. Luke's Hospital for precautionary neck X-rays, which came back negative.","[['He', 'was_taken_to', 'hospital'], ['He', 'received', 'precautionary_X-rays'], ['hospital', 'performed', 'precautionary_X-rays'], ['precautionary_X-rays', 'resulted_in', 'negative_outcome']]","[['Harvey', 'was_taken_to', ""St. Luke's Hospital""], ['Harvey', 'received', 'precautionary_neck_X-rays'], [""St. Luke's Hospital"", 'performed', 'precautionary_neck_X-rays'], ['precautionary_neck_X-rays', 'resulted_in', 'negative_outcome']]"
174,"During the hearing, Morales expressed ""sincere regrets and remorse"" for his actions.","Morales, who pleaded guilty in July, expressed ""sincere regret and remorse"" for his crimes.","[['Morales', 'expressed', 'sincere regrets and remorse']]","[['Morales', 'pleaded_guilty', 'July'], ['Morales', 'expressed', 'sincere regret and remorse']]"
175,The bill says that a woman who undergoes such an abortion couldn't be prosecuted.,A woman who underwent such an abortion could not be prosecuted under the bill.,"[['woman', 'underwent', 'abortion'], ['woman', 'could_not_be_prosecuted', 'under_the_bill']]","[['woman', 'underwent', 'such_an_abortion'], ['woman', 'could_not_be_prosecuted', 'under_the_bill']]"
176,U.S. District Judge Edmund Sargus ruled that the Akron-based company should have determined that changes at one of its plants would increase overall pollution emissions.,"FirstEnergy Corp. should have determined that modernizing one of its plants would increase overall pollution emissions, U.S. District Judge Edmund Sargus ruled Thursday.","[['U.S. District Judge Edmund Sargas', 'ruled', 'Akron-based company'], ['Akron-based company', 'should have determined', 'changes at one of its plants'], ['changes at one of its plants', 'would increase', 'overall pollution emissions']]","[['U.S. District Judge Edmund Sargas', 'ruled', 'FirstEnergy Corp.'], ['FirstEnergy Corp.', 'should have determined', 'modernizing one of its plants'], ['modernizing one of its plants', 'would increase', 'overall pollution emissions']]"
177,"Site Finder has been visited 65 million times since its introduction, Galvin said.","Through Sunday, Sept. 21, Site Finder has been visited over 65 million times by Internet users.","[['Site Finder', 'has_been_visited', '65_million_times']]","[['Site Finder', 'has_been_visited_by', 'Internet_users'], ['Internet_users', 'visited_Site_Finder', 'over_65_million_times']]"
178,There are 103 Democrats in the Assembly and 47 Republicans.,Democrats dominate the Assembly while Republicans control the Senate.,"[['Democrats', 'have_number_of_members', '103'], ['Republicans', 'have_number_of_members', '47'], ['Assembly', 'has_majority_party', 'Democrats']]","[['Assembly', 'is_controlled_by', 'Democrats'], ['Senate', 'is_controlled_by', 'Republicans']]"
179,"Mr Pollard said: ""This is a terrible personal tragedy and a shocking blow for James's family.","Nick Pollard, the head of Sky News said: ""This is a shocking blow for James's family.","[['Mr. Pollard', 'said', 'terrible personal tragedy'], ['terrible personal tragedy', 'affects', ""James's family""]]","[['Nick Pollard', 'is', 'head_of'], ['Nick Pollard', 'said', 'shocking blow'], ['shocking blow', 'affects', ""James's family""]]"
180,"""I came basically to Washington to establish relationships and to make sure that we are getting more federal money to California,"" Schwarzenegger said after meeting with congressional Republicans.","""I came to Washington basically to establish relationships and make sure we are getting more federal money,"" Schwarzenegger said after one meeting.","[['Arnold Schwarzenegger', 'came_to', 'Washington'], ['Arnold Schwarzenegger', 'intended_to', 'establish_relationships'], ['Arnold Schwarzenegger', 'intended_to', 'ensure_federal_funding_for_California']]","[['Arnold Schwarzenegger', 'came_to', 'Washington'], ['Arnold Schwarzenegger', 'intended_to', 'establish_relationships'], ['Arnold Schwarzenegger', 'intended_to', 'ensure_more_federal_money']]"
181,"The latest snapshot of the labor markets was slightly better than economists were expecting; they were forecasting claims to fall no lower than 410,000 for last week.","Despite problems in the job market, the latest snapshot of the labor markets was slightly better than economists were expecting.","[['latest snapshot of the labor markets', 'was_better_than_expected', 'economists_forecasts'], ['economists_forecasts', 'forecasted', 'claims_not_to_fall_lower_than'], ['latest snapshot of the labor markets', 'describes', 'labor_markets']]","[['latest snapshot of the labor markets', 'was_better_than_expected', 'economists_forecasts'], ['latest snapshot of the labor markets', 'describes', 'labor_markets'], ['problems_in_the_job_market', 'affects', 'labor_markets']]"
182,"""They were tossed around like feathers,"" Gordon said.","""The concrete barriers (between lanes) were being tossed around like feathers.""",[],[]
183,"Chante Jawan Mallard, 27, went on trial Monday, charged with first-degree murder.","Chante Jawaon Mallard, 27, is charged with murder and tampering with evidence.","[['Chante Jawan Mallard', 'went_on_trial', 'Monday'], ['Chante Jawan Mallard', 'charged_with', 'first-degree_murder']]","[['Chante Jawan Mallard', 'charged_with', 'murder'], ['Chante Jawan Mallard', 'charged_with', 'tampering_with_evidence']]"
184,"""IT is the only vehicle on which established economies will be able to compete,"" Barrett said.","""IT is the only vehicle on which established economies will be able to compete"" with fast-growing economies such as China and India, Barrett said.","[['IT', 'is_the_only_vehicle_on_which', 'established_economies_can_compete']]","[['IT', 'is_the_only_vehicle_on_which', 'established_economies_can_compete'], ['established_economies', 'can_compete_with', 'fast_growing_economies'], ['fast_growing_economies', 'include', 'China'], ['fast_growing_economies', 'include', 'India']]"
185,"Linda Saunders pleaded guilty in federal court to six charges, including extortion, money laundering and conspiracy.",Former Phipps aides Linda Saunders and Bobby McLamb have both pleaded guilty to federal charges including extortion.,"[['Linda Saunders', 'pleaded_guilty', 'six_charges'], ['Linda Saunders', 'charged_with', 'extortion'], ['Linda Saunders', 'charged_with', 'money_laundering'], ['Linda Saunders', 'charged_with', 'conspiracy']]","[['Linda Saunders', 'pleaded_guilty', 'federal_charges'], ['Linda Saunders', 'charged_along_with', 'Bobby_McLamb'], ['Bobby_McLamb', 'pleaded_guilty', 'federal_charges'], ['Linda_Saunders_and_Bobby_McLamb', 'charged_with', 'extortion']]"
186,Vivendi shares closed 3.8 percent up in Paris at 15.78 euros.,Vivendi shares were 0.3 percent up at 15.62 euros in Paris at 0841 GMT.,"[['Vivendi', 'closed', '15.78 euros'], ['Vivendi', 'located_in', 'Paris'], ['Vivendi', 'stock_price_change', '3.8 percent']]","[['Vivendi', 'located_in', 'Paris'], ['Vivendi', 'stock_price', '15.62 euros'], ['Vivendi', 'stock_price_change', '0.3 percent'], ['Vivendi', 'time', '0841 GMT']]"
187,Microsoft has identified the freely distributed Linux software as one of the biggest threats to its sales.,The company has publicly identified Linux as one of its biggest competitive threats.,"[['Microsoft', 'identified', 'Linux as threat'], ['Linux', 'is', 'freely distributed software'], ['Linux', 'impacts', ""Microsoft's sales""]]","[['Microsoft', 'publicly', 'identified']]"
188,"Antonio Monteiro de Castro, 58, currently director of the group’s Latin America & Caribbean operations, will become chief operating officer from the same date.","BAT also said Antonio Monteiro de Castro, director for Latin America and the Caribbean, would become chief operating officer on January 1, 2004.","[['Antonio Monteiro de Castro', 'currently_holds_position', 'director_of_group_Latin_America_Caribbean_operations'], ['Antonio Monteiro de Castro', 'becomes', 'chief_operating_officer'], ['Antonio Monteiro de Castro', 'becomes_on', 'January_1'], ['Antonio Monteiro de Castro', 'age', '58']]","[['Antonio Monteiro de Castro', 'currently_holds_position', 'director_for_Latin_America_and_Caribbean'], ['Antonio Monteiro de Castro', 'becomes', 'chief_operating_officer'], ['Antonio Monteiro de Castro', 'becomes_on', 'January_1_2004'], ['Antonio Monteiro de Castro', 'age', '58']]"
189,"""Spin and manipulative public relations and propaganda are not the answer,"" it said.","The report added that ""spin"" and manipulative public relations ""are not the answer,"" but that neither is avoiding the debate.","[['it', 'said', 'that'], ['it', 'identified', 'spin'], ['spin', 'is_not', 'answer'], ['manipulative public relations', 'is_not', 'answer']]","[['the report', 'added', 'that'], ['the report', 'identified', 'spin'], ['spin', 'is_not', 'answer'], ['manipulative public relations', 'is_not', 'answer']]"
190,"Another shooting linked to the spree occurred Nov. 11 at Hamilton Central Elementary in Obetz, about two miles from the freeway.","The latest shooting linked to the spree was a Nov. 11 shooting at Hamilton Township Elementary School in Obetz, about two miles from the freeway.","[['shooting spree', 'linked_to', 'Nov. 11 shooting at Hamilton Central Elementary'], ['Nov. 11 shooting at Hamilton Central Elementary', 'occurred_at', 'Hamilton Central Elementary'], ['Hamilton Central Elementary', 'located_near', 'freeway'], ['Hamilton Central Elementary', 'located_in', 'Obetz']]","[['shooting spree', 'linked_to', 'Nov. 11 shooting at Hamilton Township Elementary School'], ['Nov. 11 shooting at Hamilton Township Elementary School', 'occurred_at', 'Hamilton Township Elementary School'], ['Hamilton Township Elementary School', 'located_near', 'freeway'], ['Hamilton Township Elementary School', 'located_in', 'Obetz']]"
191,"On Tuesday, the central bank left interest rates steady, as expected, but also declared that overall risks were weighted toward weakness and warned of deflation risks.","The central bank's policy board left rates steady for now, as widely expected, but surprised the market by declaring that overall risks were weighted toward weakness.","[['central bank', 'left_interest_rates_steady', 'True'], ['central bank', 'declared_risks_weighted_toward', 'weakness'], ['central bank', 'warned_of', 'deflation_risks']]","[['central bank', 'left_interest_rates_steady', 'True'], ['central bank', 'declared_risks_weighted_toward', 'weakness']]"
192,"The new system costs between $1.1 million and $22 million, depending on configuration.","The system is priced from US$1.1 million to $22.4 million, depending on configuration.","[['new system', 'costs between', '$1.1 million'], ['new system', 'costs at max', '$22 million']]","[['new system', 'priced from', 'US$1.1 million'], ['new system', 'priced at max', '$22.4 million']]"
193,Fighting erupted after four North Korean journalists confronted a dozen South Korean activists protesting human rights abuses in the North outside the main media centre.,Trouble flared when at least four North Korean reporters rushed from the Taegu media centre to confront a dozen activists protesting against human rights abuses in the North.,"[['four North Korean journalists', 'confronted', 'dozen South Korean activists'], ['dozen South Korean activists', 'protesting', 'human rights abuses in the North'], ['main media centre', 'location_of', 'confrontation between North Korean journalists and South Korean activists']]","[['at least four North Korean reporters', 'rushed from', 'Taegu media centre'], ['at least four North Korean reporters', 'confronted', 'dozen activists'], ['dozen activists', 'protesting against', 'human rights abuses in the North'], ['Taegu media centre', 'location_of', 'confrontation between North Korean reporters and activists']]"
194,Dusty had battled kidney cancer for more than a year.,Dusty had surgery for cancer in 2001 and had a kidney removed.,"[['Dusty', 'had_battled', 'kidney_cancer'], ['kidney_cancer', 'type_of', 'cancer'], ['kidney_cancer', 'affected_organ', 'kidney']]","[['Dusty', 'had_surgery', 'cancer'], ['cancer', 'type_of', 'kidney_cancer'], ['cancer', 'year_of_surgery', '2001'], ['cancer', 'affected_organ', 'kidney'], ['cancer', 'resulted_in', 'kidney_removal']]"
195,"According to SunnComm's Peter Jacobs, ""MediaMax performs exactly as 'advertised' to the companies who purchased it.","""MediaMax performs EXACTLY as ""advertised"" to the companies who purchased it,"" Jacobs said in the statement.","[[""SunnComm's Peter Jacobs"", 'made_statement', 'MediaMax performs exactly as advertised']]","[[""SunnComm's Peter Jacobs"", 'made_statement', 'MediaMax performs exactly as advertised'], ['MediaMax', 'performs as', 'advertised']]"
196,"Kadyrov was not injured, but four of his bodyguards were among those killed.",But Itar-Tass news agency said four of his bodyguards were among those killed by the bomb.,"[['Kadyrov', 'was_not_injured', 'true'], ['Kadyrov', 'had_bodyguards', 'bodyguards']]","[['Kadyrov', 'had_bodyguards', 'bodyguards'], ['bodyguards', 'were_killed_by', 'bomb']]"
197,"The router will be available in the first quarter of 2004 and will cost around $200, the company said.","Netgear prices the WGT634U Super Wireless Media Router, which will be available in the first quarter of 2004, at under $200.","[['Router (from Text 1)', 'available_in_quarter', '2004'], ['Router (from Text 1)', 'costs', '$200']]","[['WGT634U Super Wireless Media Router', 'available_in_quarter', '2004'], ['WGT634U Super Wireless Media Router', 'priced_under', '$200']]"
198,The commission estimates California lost $1.34 billion -- the most of any state -- to tax shelters in 2001.,The commission estimated California lost $937 million to corporate tax shelters in 2001.,"[['California', 'lost', '$1.34 billion'], ['California', 'lost_to', 'tax_shelters'], ['tax_shelters', 'in_state', 'California'], ['tax_shelters', 'year', '2001']]","[['California', 'lost', '$937 million'], ['California', 'lost_to', 'corporate_tax_shelters'], ['corporate_tax_shelters', 'in_state', 'California'], ['corporate_tax_shelters', 'year', '2001']]"
199,The officials did not say whether U.S. forces crossed into Syrian territory and were vague about how the Syrian border guards became involved.,"U.S. officials did not say whether American forces, who were acting on intelligence, crossed into Syrian territory and were vague about how the Syrian guards were involved.","[['U.S. officials', 'did not say', 'whether U.S. forces crossed into Syrian territory'], ['U.S. forces', 'acted on', 'intelligence'], ['Syrian territory', 'border of', 'Syria']]","[['U.S. officials', 'did not say', 'whether American forces crossed into Syrian territory'], ['American forces', 'acted on', 'intelligence'], ['Syrian territory', 'border of', 'Syria']]"
