question,gemini_answer_1,gemini_answer_2
Do mitochondria play a role in remodelling lace plant leaves during programmed cell death?,"['Mitochondria', 'play_a_role_in', 'lace plant leaf remodelling during programmed cell death']","['Mitochondria', 'play_role_in', 'remodelling lace plant leaves during programmed cell death']"
Landolt C and snellen e acuity: differences in strabismus amblyopia?,"['Snellen E acuity in strabismus amblyopia', 'is higher than Landolt C acuity by', '0.55 lines']","['Landolt C and Snellen E acuity in strabismus amblyopia', 'mean difference', '0.55 lines']"
Syncope during bathing in infants,"a pediatric form of water-induced urticaria?""","['Apparent life-threatening events in infants', 'hypothesized_as_equivalent_to', 'aquagenic urticaria']"
Are the long-term results of the transanal pull-through equal to those of the transabdominal pull-through?,"['Overall scores', 'were', 'similar']","['Overall scores', 'were', 'similar']"
Can tailored interventions increase mammography use among HMO women?,"['Tailored interventions', 'increase', 'mammography use among HMO women']","['Tailored interventions', 'increase', 'mammography use among HMO women']"
Double balloon enteroscopy: is it efficacious and safe in a community setting?,"['Double balloon enteroscopy', 'performs', 'endoscopic_therapy']","['Double Balloon Enteroscopy', 'demonstrates_efficacy_and_safety_in', 'clinical_practice']"
30-Day and 1-year mortality in emergency general surgery laparotomies: an area of concern and need for improvement?,"['Mortality following emergency laparotomy', 'indicates', 'need for improvement of care']","['Emergency laparotomy', 'had_overall_1_year_mortality_of', '25.15%']"
Is adjustment for reporting heterogeneity necessary in sleep disorders?,"['adjustment for reporting heterogeneity in sleep disorders', 'is_necessary', 'yes']","['adjustment for reporting heterogeneity', 'is_necessary_for', 'accurate assessment of sleep disorders']"
Do mutations causing low HDL-C promote increased carotid intima-media thickness?,"['mutations causing low HDL-C', 'do not promote', 'increased carotid intima-media thickness']","['mutations causing low HDL-C', 'do not promote', 'increased carotid intima-media thickness']"
A short stay or 23-hour ward in a general and academic children's hospital: are they effective?,"['short stay ward', 'demonstrates', 'increased hospital efficiency and cost savings']","['Short stay ward', 'increased', 'hospital efficiency']"
Did Chile's traffic law reform push police enforcement?,"[""Chile's traffic law reform"", 'pushed', 'police traffic enforcement']","[""Chile's traffic law reform"", 'pushed', 'police traffic enforcement']"
Therapeutic anticoagulation in the trauma patient: is it safe?,"['Therapeutic anticoagulation in trauma patients', 'has', 'complications']","['Therapeutic anticoagulation in trauma patients', 'has', 'complications']"
Differentiation of nonalcoholic from alcoholic steatohepatitis: are routine laboratory markers useful?,"['Routine laboratory parameters', 'are useful for', 'distinguishing NASH from ASH']","['Routine laboratory markers', 'are', 'useful for differentiating NASH from ASH']"
Prompting Primary Care Providers about Increased Patient Risk As a Result of Family History: Does It Work?,"['Automated prompts about family history risk', 'did_not_significantly_change', 'PCP documentation or screening interventions']","['Automated prompts about family history risk', 'did_not_significantly_change', 'PCP documentation or screening interventions']"
Do emergency ultrasound fellowship programs impact emergency medicine residents' ultrasound education?,"['Emergency ultrasound fellowship programs', 'impact', ""emergency medicine residents' ultrasound education""]","['Emergency ultrasound fellowship programs', 'impact', ""emergency medicine residents' ultrasound education""]"
Patient-Controlled Therapy of Breathlessness in Palliative Care: A New Therapeutic Concept for Opioid Administration?,"['Intravenous opioid PCT', 'is', 'an effective therapeutic method to reduce breathlessness']","['Intravenous opioid PCT', 'reduces', 'breathlessness']"
Is there still a need for living-related liver transplantation in children?,"['Living-related liver transplantation in children', 'necessity', 'not_addressed_by_context']","['Living donor liver transplantation', 'necessity', 'questioned']"
Do patterns of knowledge and attitudes exist among unvaccinated seniors?,"['Patterns of knowledge and attitudes', 'exist among', 'unvaccinated seniors']","['Patterns of knowledge and attitudes', 'exist among', 'unvaccinated seniors']"
Is there a model to teach and practice retroperitoneoscopic nephrectomy?,"['RPN training model', 'is_for', 'teaching and practicing retroperitoneoscopic nephrectomy']","['Porcine model', 'used_for_training', 'retroperitoneoscopic nephrectomy']"
Cardiovascular risk in a rural adult West African population: is resting heart rate also relevant?,"['Resting heart rate (RHR)', 'is_relevant_to', 'cardiovascular risk in rural West African population']","['Elevated resting heart rate (RHR)', 'increases_risk_of', 'casual high BP']"
Israeli hospital preparedness for terrorism-related multiple casualty incidents: can the surge capacity and injury severity distribution be better predicted?,"['Casualties requiring immediate medical treatment', 'were', '20.8% of total casualties']","['HMCIs', 'casualties necessitating immediate medical treatment', '20.8%']"
Acute respiratory distress syndrome in children with malignancy--can we predict outcome?,"[Peak inspiratory pressure, PEEP, ventilation index values, predict, outcome by day 3]","[Peak inspiratory pressure, PEEP, ventilation index values, predict, outcome by day 3]"
Secondhand smoke risk in infants discharged from an NICU: potential for significant health disparities?,"[Secondhand smoke risk in infants discharged from NICU, is influenced by, socioeconomic status, race, and mental health status]","[Secondhand smoke risk in infants discharged from NICU, is influenced by, socioeconomic status, race, and mental health status]"
Do nomograms designed to predict biochemical recurrence (BCR) do a better job of predicting more clinically relevant prostate cancer outcomes than BCR?,"['Nomograms designed to predict BCR', 'predict more accurately', 'Prostate Cancer-Specific Mortality (PCSM) than Biochemical Recurrence (BCR)']","['Nomograms designed to predict BCR', 'predict more accurately', 'Prostate Cancer-Specific Mortality (PCSM) than Biochemical Recurrence (BCR)']"
Are reports of mechanical dysfunction in chronic oro-facial pain related to somatisation?,"['reports of mechanical dysfunction in chronic oro-facial pain', 'associated_with', 'somatisation']","['reports of mechanical dysfunction', 'are commonly associated with', 'other frequently unexplained syndromes']"
Amblyopia: is visual loss permanent?,"['Amblyopia', 'visual_loss_is', 'not permanent']","['Amblyopia', 'visual_loss_is', 'not permanent']"
Implementation of epidural analgesia for labor: is the standard of effective analgesia reachable in all women?,"['Effective analgesia standard', 'is_not_uniformly_reachable_for', 'all women']","['Effective analgesia standard', 'is_not_uniformly_reachable_for', 'all women']"
Does HER2 immunoreactivity provide prognostic information in locally advanced urothelial carcinoma patients receiving adjuvant M-VEC chemotherapy?,"['HER2 immunoreactivity', 'is_a_significant_prognostic_factor_for', 'locally advanced urothelial carcinoma patients receiving adjuvant M-VEC chemotherapy in univariate analysis']","['HER2 immunoreactivity', 'provides_prognostic_information_for', 'locally advanced urothelial carcinoma patients receiving adjuvant M-VEC chemotherapy']"
Is halofantrine ototoxic?,"['Halofantrine', 'is_ototoxic', 'True']","['Halofantrine', 'is_ototoxic', 'True']"
Visceral adipose tissue area measurement at a single level: can it represent visceral adipose tissue volume?,"['Visceral adipose tissue area measurement at a single level', 'can represent', 'Visceral adipose tissue volume']","['Visceral adipose tissue area measurement at a single level', 'can represent', 'Visceral adipose tissue volume']"
Necrotizing fasciitis: an indication for hyperbaric oxygenation therapy?,"['Necrotizing fasciitis', 'indication_for_hyperbaric_oxygenation_therapy', 'remains_controversial']","['Necrotizing fasciitis', 'indication_for_hyperbaric_oxygenation_therapy', 'controversial']"
Is the Hawkins sign able to predict necrosis in fractures of the neck of the astragalus?,"['Hawkins sign', 'able_to_predict', 'avascular_necrosis_in_astragalus_neck_fractures']","['Hawkins sign', 'predicts', 'avascular necrosis in astragalus neck fractures']"
Is a mandatory general surgery rotation necessary in the surgical clerkship?,"['mandatory general surgery rotation', 'is_necessary_in_surgical_clerkship', 'no']","['Mandatory general surgery rotation', 'is_not_necessary_in', 'Surgical clerkship']"
Is Acupuncture Efficacious for Treating Phonotraumatic Vocal Pathologies?,"['Acupuncture', 'treats', 'phonotraumatic vocal fold lesions']","['Acupuncture', 'is_efficacious_for', 'reducing size of phonotraumatic vocal fold lesions']"
Is aneurysm repair justified for the patients aged 80 or older after aneurysmal subarachnoid hemorrhage?,"['Aneurysm repair for patients aged 80 or older after aSAH', 'is_justified_by', 'significantly better clinical outcome']","['Aneurysm repair for patients aged 80 or older after aSAH', 'is_justified_by', 'significantly better clinical outcome']"
Do general practice characteristics influence uptake of an information technology (IT) innovation in primary care?,"['Numbers of diabetes-educated staff', 'associated_with_increased', 'uptake of IT innovation']","['Numbers of diabetes-educated staff', 'influence', 'uptake of IT innovation']"
Prognosis of well differentiated small hepatocellular carcinoma--is well differentiated hepatocellular carcinoma clinically early cancer?,"['Well differentiated hepatocellular carcinoma', 'is_not_considered', 'clinically early cancer']","['Well differentiated hepatocellular carcinoma', 'is_not', 'clinically early cancer']"
Do follow-up recommendations for abnormal Papanicolaou smears influence patient adherence?,"['patient reminders', 'improve', 'adherence to follow-up']","['patient reminders', 'improve', 'adherence to follow-up']"
Biomolecular identification of allergenic pollen: a new perspective for aerobiological monitoring?,"['Biomolecular identification of allergenic pollen', 'is_a', 'new perspective for aerobiological monitoring']","['Biomolecular identification of allergenic pollen', 'is_a', 'new perspective for aerobiological monitoring']"
Does diabetes mellitus influence the efficacy of FDG-PET in the diagnosis of cervical cancer?,"['Diabetes mellitus', 'does not significantly influence', 'efficacy of FDG-PET in cervical cancer diagnosis']","['Diabetes mellitus', 'does_not_significantly_influence', 'FDG-PET diagnostic power in cervical cancer']"
Biomechanical and wound healing characteristics of corneas after excimer laser keratorefractive surgery: is there a difference between advanced surface ablation and sub-Bowman's keratomileusis?,"['Advanced Surface Ablation (ASA)', 'differs_from_SBK_in_scarring_type', 'hypercellular fibrotic stromal scarring']","['Advanced Surface Ablation', 'is_more_biomechanically_safer_than', ""Sub-Bowman's Keratomileusis""]"
Does radiotherapy of the primary rectal cancer affect prognosis after pelvic exenteration for recurrent rectal cancer?,"['Radiotherapy for primary rectal cancer', 'affects_prognosis_after_pelvic_exenteration_for_recurrent_rectal_cancer', 'negatively']","['Radiotherapy for primary rectal cancer', 'negatively affects', 'prognosis after pelvic exenteration for recurrent rectal cancer']"
Can a practicing surgeon detect early lymphedema reliably?,"['practicing surgeon', 'can_detect_early_lymphedema', 'reliably']","['practicing surgeon', 'can_detect_early_lymphedema', 'reliably']"
Colorectal cancer with synchronous liver metastases: does global management at the same centre improve results?,"['Global management', 'improves results', 'No']","['Global management', 'improves results', 'No']"
Is motion perception deficit in schizophrenia a consequence of eye-tracking abnormality?,"['Motion perception deficit in schizophrenia', 'is_a_consequence_of', 'eye-tracking abnormality']","['Motion perception deficit in schizophrenia', 'is_a_consequence_of', 'eye-tracking abnormality']"
Transgastric endoscopic splenectomy: is it possible?,"['Transgastric endoscopic splenectomy', 'is_possible', 'Yes']","['Transgastric endoscopic splenectomy', 'is_possible', 'Yes']"
It's Fournier's gangrene still dangerous?,"[""Fournier's gangrene"", 'has_mortality_rate', 'high']","[""Fournier's gangrene"", 'has_mortality_rate', 'high']"
Is it appropriate to implant kidneys from elderly donors in young recipients?,"['Implanting kidneys from elderly donors in young recipients', 'demonstrates_comparable_survival_to', 'implanting kidneys from young donors in young recipients']","['Implanting kidneys from elderly donors in young recipients', 'demonstrates_comparable_survival_to', 'implanting kidneys from young donors in young recipients']"
Do provider service networks result in lower expenditures compared with HMOs or primary care case management in Florida's Medicaid program?,"['Provider Service Networks (PSNs)', 'result in lower PMPM expenditures compared to', 'HMOs']","['Provider Service Networks (PSNs)', 'result_in_lower_expenditures_compared_with', 'Health Maintenance Organizations (HMOs)']"
Assessment of carotid artery stenosis before coronary artery bypass surgery. Is it always necessary?,"['Preoperative carotid screening', 'always necessary', 'unclear']","['Preoperative carotid screening', 'always_necessary', 'unclear']"
